"state_id","name","street","unit","city","state","zip","coordinates"
"20600111365","BOSSY BEULAHS DERITA","3070 DERITA RD","","CHARLOTTE","NC","28262","35.37179793196592, -80.73380818283577"
"20600111524","PALM BERRIES MATTHEWS","10020 MONROE RD","STE 110","MATTHEWS","NC","28105","35.13576025596619, -80.73731748305798"
"20600111592","FUNKHEIZERS","14013 N CREEK VILLAGE DR","#600","HUNTERSVILLE","NC","28078","35.45460988014595, -80.80444508489919"
"20600111612","SWEETGREEN COMMONWEALTH","1710 COMMONWEALTH AVE","STE 123","CHARLOTTE","NC","28205","35.22761542822154, -80.84300174427617"
"20600111290","BURTONS GRILL OF BIRKDALE","8908 LINDHOLM DR","UNIT A","HUNTERSVILLE","NC","28078","35.442974942679754, -80.87832699283152"
"20600110992","OLDE MECKLENBURG BREWERY BALLANTYNE","15025 BOWL ST","","CHARLOTTE","NC","28277","35.05687919887503, -80.84463368120774"
"20600111382","CORAL SUSHI","9525 BIRKDALE CROSSING DR","SUITE 106","HUNTERSVILLE","NC","28078","35.44289080573785, -80.88522859045919"
"20600110718","RISE CAFE","9525 BIRKDALE CROSSING DR","SUITE 101","HUNTERSVILLE","NC","28078","35.44272246344418, -80.88573210751554"
"20600111226","CHIPOTLE MEXICAN GRILL #5421","3005 STELFOX ST","STE 101","CHARLOTTE","NC","28262","35.335388853665734, -80.75440030447393"
"20600111691","LOCAL SHOPPE #205, THE","9502 MT HOLLY-HUNTERSVILLE RD","","CHARLOTTE","NC","28216","35.35741713845907, -80.8685857763873"
"20600111675","WAFFLERY, THE","5332 DOCIA CROSSING RD","STE A","CHARLOTTE","NC","28269","35.366165106529515, -80.7852035100323"
"20600111205","CARIBOU COFFEE #1532","8908 LINDHOLM DR","STE C","HUNTERSVILLE","NC","28078","35.4427750467118, -80.87794484071878"
"20600111204","CHOPT HUNTERSVILLE","8908 LINDHOLM DR","STE D","HUNTERSVILLE","NC","28078","35.44275068376714, -80.87957844894629"
"20600110896","FRESH CHEF 2","14007 NORTH CREEK VILLAGE DR","STE 600","HUNTERSVILLE","NC","28078","35.455114603026175, -80.80380797007365"
"2060018723","FAMOUS TOASTERY","12715 CONNER DR","","HUNTERSVILLE","NC","28078","35.40537545184779, -80.86610046585001"
"2060017953","JIMMY JOHN'S #2155","9525 BIRKDALE CROSSING DR","SUITE 100","HUNTERSVILLE","NC","28078","35.44290912423912, -80.88484694071873"
"20600111323","JOY & PEACE","10020 MONROE RD","","MATTHEWS","NC","28105","35.1356766917281, -80.7375183193069"
"2060018367","MURAYA","200 E BLAND ST","","CHARLOTTE","NC","28205","35.21695485059814, -80.85369270395918"
"20600111635","PACKARD TAVERN","222 CHURCH ST","STE 100","CHARLOTTE","NC","28208","35.22718460583985, -80.84535588676096"
"2060019884","BURGER KING #8633","5501 JOSH BIRMINGHAM PY","ATRIUM","CHARLOTTE","NC","20208","35.2206432742219, -80.94307598861434"
"2060019868","CHICK FIL A #04078","17035 NAT BYNUM LN","","CORNELIUS","NC","28031","35.48286448204241, -80.88065161768174"
"2060011238","CAPTAIN D'S","9715 E INDEPENDENCE BV","","CHARLOTTE","NC","28205","35.13435213250393, -80.71176030766864"
"20600110308","QDOBA MEXICAN EATS DAVIDSON COLLEGE","204 BAKER DR","","DAVIDSON","NC","28036","35.50101831825825, -80.8408148832225"
"20600111086","STARBUCKS # 78367","8115 PANARA DR","","CHARLOTTE","NC","28262","35.37021744767977, -80.73286971373851"
"20600110748","JERSEY MIKES #3240","14007 NORTH CREEK VILLAGE DR","STE 300","HUNTERSVILLE","NC","28078","35.45498750324706, -80.80390094309068"
"2060019994","FIVE GUYS BURGERS AND FRIES #1990","17078 NAT BYNUM LN","SUITE 1","CORNELIUS","NC","28031","35.48299621816971, -80.88192558860449"
"2060018663","WENDY'S #62","8720 RACHEL FREEMAN WY","","CHARLOTTE","NC","28273","35.16358154351452, -80.97251185728308"
"20600110826","SPICE CHARLOTTE","515 NORTH ELLIS LN","STE 101","CHARLOTTE","NC","28202","35.22874843824062, -80.83658142464544"
"20600111308","HARRIETS HAMBURGERS CONCORD MILLS","3074 DERITA RD","","CHARLOTTE","NC","28262","35.385586254474084, -80.6604623755924"
